"Name","Gross Export","Share","Code","Sector"
"Horses","13034348","0.002664180589306974","0101","Agriculture"
"Bovine","795116608","0.1625193859538814","0102","Agriculture"
"Swine","31028","0.000006342027643041048","0103","Agriculture"
"Other live animals","4349990","0.0008891245593319622","0106","Agriculture"
"Beef","1003130304","0.20503674479631848","0201","Agriculture"
"Beef (frozen)","141741968","0.0289716217363362","0202","Agriculture"
"Pork","428364224","0.08755632815192173","0203","Agriculture"
"Lamb","2247238","0.00045932852637915034","0204","Agriculture"
"Horse meat","6233840","0.0012741776976374565","0205","Agriculture"
"Edible offal","63328484","0.012944147096811997","0206","Agriculture"
"Poultry","254613","0.00005204211306811945","0207","Agriculture"
"Pig and poultry fat","3251661","0.0006646294942567518","0209","Agriculture"
"Preserved meat","45464","0.00000929270158447912","0210","Agriculture"
"Live Fish","395121","0.00008076151554550799","0301","Agriculture"
"Fish, excluding fillets","192039616","0.03925230608582531","0302","Agriculture"
"Frozen fish, excluding fillets","78902792","0.016127487687801922","0303","Agriculture"
"Fish fillets","106808104","0.021831247520587956","0304","Agriculture"
"Preserved fish","8061392","0.001647723698123951","0305","Agriculture"
"Crustaceans","503767424","0.10296851001262021","0306","Agriculture"
"Molluscs","158895008","0.03247765028610379","0307","Agriculture"
"Milk","9759710","0.0019948546670125094","0401","Agriculture"
"Milk, concentrated","189912080","0.03881744427959981","0402","Agriculture"
"Fermented milk products","3374874","0.0006898138519975671","0403","Agriculture"
"Whey","1463697","0.0002991751590510588","0404","Agriculture"
"Butter","45744496","0.009350034103035343","0405","Agriculture"
"Cheese","23946214","0.004894532394423634","0406","Agriculture"
"Eggs, in shell","673051","0.00013756955160424198","0407","Agriculture"
"Egg yolks","528273","0.0001079773742771762","0408","Agriculture"
"Honey","91608320","0.01872445848177614","0409","Agriculture"
"Edible animal products, n.e.c.","14945","0.0000030547119738703254","0410","Agriculture"
"Animal guts, except fish","12703348","0.0025965252086879655","0504","Agriculture"
"Bones, simply prepared","2253110","0.00046052874509514675","0506","Agriculture"
"Whalebone & horns","160330","0.00003277095823155766","0507","Agriculture"
"Coral and shells","2443658","0.0004994761694643032","0508","Agriculture"
"Animal products used in pharmaceuticals","3478707","0.0007110369974229854","0510","Agriculture"
"Animal products n.e.c.","72127736","0.014742687106547856","0511","Agriculture"
"Flower bulbs","54146","0.000011067275646516067","0601","Agriculture"
"Other live plants","21444802","0.004383251485224376","0602","Agriculture"
"Cut flowers","31477744","0.006433953931564053","0603","Agriculture"
"Other parts of plants","23895900","0.004884248367775705","0604","Agriculture"
"Potatoes","442468","0.00009043909653091035","0701","Agriculture"
"Tomatoes","2243151616","0.4584932820743908","0702","Agriculture"
"Onions, shallots, garlic","386447328","0.07898864370102329","0703","Agriculture"
"Cabbages, cauliflowers, broccoli","436782400","0.08927697740085767","0704","Agriculture"
"Lettuce","248831712","0.05086043560555719","0705","Agriculture"
"Carrots & turnips","89727928","0.01834011214802104","0706","Agriculture"
"Cucumbers","563802688","0.11523953308356473","0707","Agriculture"
"Legumes","140343296","0.028685737487027588","0708","Agriculture"
"Other vegetables","2485814016","0.5080927293067835","0709","Agriculture"
"Frozen vegetables","485333728","0.09920071932049003","0710","Agriculture"
"Vegetables, provisionally preserved","10617370","0.002170157729676251","0711","Agriculture"
"Vegetables, dried","8941045","0.0018275220622558316","0712","Agriculture"
"Legumes, dried","243323296","0.0497345323394308","0713","Agriculture"
"Tubers","2296040","0.0004693035048835879","0714","Agriculture"
"Cashew nuts & coconuts","16727972","0.003419145959649885","0801","Agriculture"
"Other nuts","888451648","0.18159678068587645","0802","Agriculture"
"Bananas and plantains","319624992","0.06533036401543038","0803","Agriculture"
"Avocados, pineapples, mangos, etc.","3058585856","0.625165529436843","0804","Agriculture"
"Citrus fruit","686358528","0.14028956934423625","0805","Agriculture"
"Grapes","452882304","0.09256774819556914","0806","Agriculture"
"Melons and papayas","476103296","0.0973140474466596","0807","Agriculture"
"Apples & pears","532852","0.00010891330777522586","0808","Agriculture"
"Peaches & cherries","239691","0.000048992102223416","0809","Agriculture"
"Other fresh fruit","2312767488","0.47272255191512835","0810","Agriculture"
"Fruits and nuts, frozen","259750000","0.05309210004769601","0811","Agriculture"
"Fruits and nuts, provisionally preserved","222260","0.00004542925950568207","0812","Agriculture"
"Fruits, dried","7978038","0.0016306863972293383","0813","Agriculture"
"Peel of citrus fruit or melons","23390874","0.004781022608704722","0814","Agriculture"
"Coffee","347477344","0.07102329898731737","0901","Agriculture"
"Tea","536905","0.0001097417284931982","0902","Agriculture"
"Pepper","93157288","0.019041062770618025","0904","Agriculture"
"Vanilla","924900","0.00018904671158465465","0905","Agriculture"
"Cinnamon","1015255","0.00020751499531828147","0906","Agriculture"
"Cloves","3628","7.415520268452017e-7","0907","Agriculture"
"Nutmeg","52677","0.000010767016570596663","0908","Agriculture"
"Anise, fennel, etc.","135749","0.000027746677533685028","0909","Agriculture"
"Spices","12645842","0.0025847711593892445","0910","Agriculture"
"Wheat and meslin","130559976","0.02668605700872682","1001","Agriculture"
"Oats","5129","0.0000010483518042141785","1004","Agriculture"
"Corn","257175360","0.0525658515608171","1005","Agriculture"
"Rice","1455129","0.00029742388623793596","1006","Agriculture"
"Grain sorghum","386426","0.00007898428432350715","1007","Agriculture"
"Other cereals","68524","0.000014006094566576793","1008","Agriculture"
"Wheat or meslin flour","25107754","0.005131947593227873","1101","Agriculture"
"Cereal flours","152258208","0.031121108805462597","1102","Agriculture"
"Cereal meals","22451792","0.004589077139996386","1103","Agriculture"
"Worked cereal grains","138936","0.00002839809051867832","1104","Agriculture"
"Potato flour","1083105","0.0002213833263605767","1105","Agriculture"
"Flour of dried legumes","4003458","0.0008182944857468681","1106","Agriculture"
"Malt","2360","4.823767319059195e-7","1107","Agriculture"
"Starches","16895202","0.003453327256631507","1108","Agriculture"
"Wheat gluten","79571","0.000016264067345121154","1109","Agriculture"
"Soya beans","23407","0.000004784318713441466","1201","Agriculture"
"Peanuts","5424288","0.0011087077620154646","1202","Agriculture"
"Linseed","35682","0.0000072932909101131445","1204","Agriculture"
"Rape or colza seeds","1792","3.6627928117602023e-7","1205","Agriculture"
"Sunflower seeds","68109","0.000013921269844652658","1206","Agriculture"
"Other oil seeds","43503496","0.008891980604645019","1207","Agriculture"
"Flours of oil seeds","859816","0.00017574374242390682","1208","Agriculture"
"Seeds used for sowing","34531648","0.007058162504053213","1209","Agriculture"
"Plants used in perfumery, pharmacy or insecticide","52394680","0.010709311232057817","1211","Agriculture"
"Seaweeds & edible vegetable products","4691896","0.0009590090927637527","1212","Agriculture"
"Cereal straw and husks","131912","0.00002696240655049731","1213","Agriculture"
"Forage products","15710048","0.0032110854289513252","1214","Agriculture"
"Lac","324162","0.00006625771447800283","1301","Agriculture"
"Vegetable saps and extracts","110680584","0.022622770506507885","1302","Agriculture"
"Vegetable materials used for plaiting","275054","0.00005622019051595373","1401","Agriculture"
"Vegetable products n.e.c.","41525292","0.00848764179932162","1404","Agriculture"
"Pig and poultry fat, rendered","883416","0.000180567509742966","1501","Agriculture"
"Fish oils","27951296","0.0057131588207690685","1504","Agriculture"
"Wool grease","1071038","0.00021891686872332723","1505","Agriculture"
"Other animal fats and oils","6221","0.0000012715532411808158","1506","Agriculture"
"Soybean oil","25181604","0.005147042305791962","1507","Agriculture"
"Peanut oil","450172","0.00009201377040489475","1508","Agriculture"
"Olive oil","96426","0.000019709177436762793","1509","Agriculture"
"Palm oil","1583937","0.0003237518447478248","1511","Agriculture"
"Sunflower seed oil","27844508","0.005691331682444165","1512","Agriculture"
"Coconut & palm kernel oil","1686115","0.0003446367132701481","1513","Agriculture"
"Rapeseed, colza or mustard oil,","2998029","0.0006127878945674458","1514","Agriculture"
"Other vegetable fats and oils","181933024","0.037186549806305605","1515","Agriculture"
"Vegetable fats, hydrogenated","1708728","0.00034925874082887207","1516","Agriculture"
"Margarine","32024984","0.0065458081022285435","1517","Agriculture"
"Animal or vegetable fats and oils, processed","2716860","0.0005553178168838629","1518","Agriculture"
"Stearic acid","1076239","0.00021997993710580295","1519","Agriculture"
"Glycerol","743235","0.00015191494505851531","1520","Agriculture"
"Vegetable waxes and beeswax","14920111","0.0030496247389210007","1521","Agriculture"
"Degras and wax residues","529606","0.00010824983537193492","1522","Agriculture"
"Sausages","14689365","0.00300246096714966","1601","Agriculture"
"Other prepared or preserved meat","53778412","0.010992141791377155","1602","Agriculture"
"Extracts and juices of meat or fish","1106127","0.000226088952259703","1603","Agriculture"
"Prepared or preserved fish","69437080","0.014192725306563512","1604","Agriculture"
"Prepared aquatic invertibrates","169249504","0.03459407737975333","1605","Agriculture"
"Sugarcane & sucrose","659211712","0.13474084375790943","1701","Agriculture"
"Other sugars","149925600","0.03064433091399751","1702","Agriculture"
"Molasses","8866727","0.0018123316919330414","1703","Agriculture"
"Confectionery sugar","724363072","0.14805758109520858","1704","Agriculture"
"Cocoa beans","1268605","0.0002592989550760632","1801","Agriculture"
"Cocoa paste","757499","0.00015483046272966194","1803","Agriculture"
"Cocoa butter","26963276","0.0055112105755751335","1804","Agriculture"
"Cocoa powder","1094119","0.0002236345540407512","1805","Agriculture"
"Chocolates","576540224","0.1178430462141639","1806","Agriculture"
"Malt extract","284173600","0.05808420867031357","1901","Agriculture"
"Pasta","33910912","0.00693128597733442","1902","Agriculture"
"Tapioca","26286","0.000005372777446982628","1903","Agriculture"
"Cereal foods","214935552","0.043932164891591026","1904","Agriculture"
"Bakery products","1239495424","0.25334904739045","1905","Agriculture"
"Pickled fruits and vegetables","195247248","0.03990793618807821","2001","Agriculture"
"Tomatoes, prepared or preserved","3932553","0.0008038017221130592","2002","Agriculture"
"Mushrooms, prepared or preserved","565665","0.00011562018392100083","2003","Agriculture"
"Other vegetables, frozen","80603696","0.016475147227126372","2004","Agriculture"
"Other vegetables, prepared or preserved","142714080","0.02917031843532201","2005","Agriculture"
"Vegetables, fruits and nuts, preserved by sugar","1608641","0.0003288012662668942","2006","Agriculture"
"Jams, jellies and marmalades","52391696","0.010708701311647643","2007","Agriculture"
"Fruits and nuts, otherwise prepared","688409024","0.1407086844117219","2008","Agriculture"
"Fruit juices","550447424","0.11250975825218305","2009","Agriculture"
"Coffee extracts","151486480","0.030963369978954002","2101","Agriculture"
"Yeasts","117309464","0.023977693163540304","2102","Agriculture"
"Sauces and seasonings","339895008","0.06947349286024422","2103","Agriculture"
"Soups and broths","38503212","0.007869937954424061","2104","Agriculture"
"Ice cream","3268198","0.0006680096061277383","2105","Agriculture"
"Food preparations n.e.c.","233318816","0.047689647438236685","2106","Agriculture"
"Waters","56601540","0.011569180460187366","2201","Agriculture"
"Waters, flavored or sweetened","406068992","0.08299925139376736","2202","Agriculture"
"Beer","4482107904","0.9161290520259368","2203","Agriculture"
"Wine","4397001","0.0008987334629521442","2204","Agriculture"
"Other fermented beverages","2286538","0.00046736132534690573","2206","Agriculture"
"Ethyl alcohol > 80%","1950262","0.00039862754657639935","2207","Agriculture"
"Spirits < 80% alcohol","1792702336","0.3664228364914355","2208","Agriculture"
"Vinegars","508980","0.00010403394449384531","2209","Agriculture"
"Flours of fish, for animal feed","136201904","0.02783924971647618","2301","Agriculture"
"Cereal residues","189923","0.00003881967629396948","2302","Agriculture"
"Starch residues","54089","0.000011055625022059018","2303","Agriculture"
"Solid soybean residues","2972557","0.0006075814962135865","2304","Agriculture"
"Solid vegetable oil and fat residues","419267","0.00008569688358305049","2306","Agriculture"
"Wine lees","69492","0.000014203950785426338","2307","Agriculture"
"Vegetable materials for animal feeding","14931268","0.0030519051953607776","2308","Agriculture"
"Animal feed","100814368","0.020606146341102","2309","Agriculture"
"Unmanufactured tobacco","27566102","0.005634426353451369","2401","Agriculture"
"Cigars and cigarettes","171742272","0.03510359148197353","2402","Agriculture"
"Other manufactured tobacco","12927133","0.002642266173497104","2403","Agriculture"
"Salt","192701392","0.03938757106215318","2501","Minerals"
"Sulphur, crude","14657","0.000002995845660824179","2503","Minerals"
"Natural graphite","5949953","0.0012161520691245007","2504","Minerals"
"Natural sands","2212576","0.00045224372032774235","2505","Minerals"
"Quartz","72224","0.00001476236317168353","2506","Minerals"
"Kaolin","91647","0.000018732364554653307","2507","Minerals"
"Clays","7318860","0.001495952444100406","2508","Minerals"
"Chalk","30713","0.000006277642613146825","2509","Minerals"
"Natural calcium phosphates","919","1.8784076975488985e-7","2510","Minerals"
"Natural barium sulfate","37951732","0.007757217140817503","2511","Minerals"
"Siliceous fossil meals and earths","17065844","0.0034882059559051886","2512","Minerals"
"Natural abrasives","2175376","0.00044464015489261506","2513","Minerals"
"Marble","9983601","0.002040617297895199","2515","Minerals"
"Granite","336946","0.00006887072470710677","2516","Minerals"
"Gravel","65779504","0.013445128036403544","2517","Minerals"
"Dolomite","273958","0.000055996171491305894","2518","Minerals"
"Natural magnesia","27489890","0.005618848855361533","2519","Minerals"
"Gypsum","61169644","0.01250288684939345","2520","Minerals"
"Limstone","1340","2.738918732008187e-7","2521","Minerals"
"Quicklime","6795738","0.0013890279183596905","2522","Minerals"
"Cements","134622400","0.027516403963276044","2523","Minerals"
"Mica","11458","0.000002341979912787299","2525","Minerals"
"Natural steatite","17432","0.0000035630471146542326","2526","Minerals"
"Feldspar","180957328","0.036987120548757434","2529","Minerals"
"Mineral substances n.e.c.","37518016","0.00766856692613305","2530","Minerals"
"Iron ores and concentrates","27829232","0.005688209315089677","2601","Minerals"
"Manganese > 47% by weight","13695378","0.0027992930855323","2602","Minerals"
"Copper ore","1912022272","0.3908114639401234","2603","Minerals"
"Nickel ore","542532","0.00011089186996372132","2604","Minerals"
"Aluminum ore","403692","0.00008251340154939173","2606","Minerals"
"Lead ore","579145216","0.11837549855636773","2607","Minerals"
"Zinc ore","783150400","0.16007352989102275","2608","Minerals"
"Tungsten ore","2810","5.743553460405228e-7","2611","Minerals"
"Molybdenum ore","273276768","0.05585692976849668","2613","Minerals"
"Titanium ore","1236282","0.00025269223342123476","2614","Minerals"
"Zirconium ore","13658574","0.0027917704612776114","2615","Minerals"
"Precious metal ores","806241472","0.16479327389422793","2616","Minerals"
"Other ores","11172757","0.0022836771220504175","2617","Minerals"
"Granulated iron or steel slag","3931600","0.000803606931848014","2618","Minerals"
"Iron or steel slag","2926582","0.0005981843478028347","2619","Minerals"
"Slag, ash and residues containing metals","125254728","0.02560168065610376","2620","Minerals"
"Other slag and ash","221219","0.00004521648231165068","2621","Minerals"
"Coal","25774686","0.005268266440076804","2701","Minerals"
"Lignite","57312","0.000011714396296183076","2702","Minerals"
"Coke","9396014","0.001920516324687401","2704","Minerals"
"Tar distilled from coal, lignite etc.","1694061","0.0003462608511988449","2706","Minerals"
"Oils etc. from high temperature coal tar","19969184","0.004081639710486432","2707","Minerals"
"Pitch and pitch coke","1876117","0.00038347253692082116","2708","Minerals"
"Petroleum oils, crude","23509202944","4.805208680440569","2709","Minerals"
"Petroleum oils, refined","2380686080","0.4866049029509807","2710","Minerals"
"Petroleum gases","47051268","0.009617134275368462","2711","Minerals"
"Petroleum jelly","1345650","0.00027504671580050875","2712","Minerals"
"Petroleum coke","4517738","0.0009234117339182988","2713","Minerals"
"Bituminous mixtures","170558","0.000034861529932377044","2715","Minerals"
"Electrical energy","115188352","0.0235441444031308","2716","Minerals"
"Iodine","4839335","0.0009891451702957344","2801","Chemicals"
"Carbon","46424964","0.009489119666597443","2803","Chemicals"
"Silicon & rare gases","3682432","0.0007526777600109233","2804","Chemicals"
"Rare-earth metals","4406666","0.0009007089591868352","2805","Chemicals"
"Hydrochloric acid","320811","0.00006557278039808048","2806","Chemicals"
"Sulfiric acid, oleum","38625128","0.007894857209359249","2807","Chemicals"
"Sulfonitric acids","59339","0.00001212870885362939","2808","Chemicals"
"Phosphoric acid etc.","40739624","0.008327053679744054","2809","Chemicals"
"Oxides of boron; boric acids","3927","8.026667060146381e-7","2810","Chemicals"
"Other inorganic acids","162738528","0.033263253937211856","2811","Chemicals"
"Halides of nonmetals","26127","0.000005340278336655068","2812","Chemicals"
"Sulfides of nonmetals","17054","0.000003485785078781166","2813","Chemicals"
"Ammonia","2048499","0.0004187068868358238","2814","Chemicals"
"Sodium hydroxide","7606627","0.0015547711326641225","2815","Chemicals"
"Hydroxides or peroxides of magnesium","11713306","0.002394163672921186","2816","Chemicals"
"Zinc oxide or peroxide","188588016","0.03854680967572087","2817","Chemicals"
"Aluminum oxide","676368","0.00013824753618887415","2818","Chemicals"
"Chromium oxides and hydroxides","10977","0.0000022436649941234234","2819","Chemicals"
"Manganese oxides","4051231","0.0008280591398203179","2820","Chemicals"
"Iron oxides and hydroxides","25963","0.000005306757241726012","2821","Chemicals"
"Titanium oxides","3034932","0.0006203307541172441","2823","Chemicals"
"Lead oxides","552944","0.00011302005069787575","2824","Chemicals"
"Metal base oxides, n.e.c.","11836023","0.002419246649789533","2825","Chemicals"
"Flourides","63459668","0.012970960702404517","2826","Chemicals"
"Chlorides, bromides, iodides etc.","37230528","0.007609805264310098","2827","Chemicals"
"Hyopchlorites","294495","0.00006019387104348889","2828","Chemicals"
"Sodium chlorate","75762","0.000015485519475701812","2829","Chemicals"
"Sulfides; polysulfides","8578831","0.0017534866361666067","2830","Chemicals"
"Dithionites and sulfoxylates","25064","0.000005123004410377105","2831","Chemicals"
"Sulfites","61746","0.000012620692240789369","2832","Chemicals"
"Sulfates","195158800","0.0398898576892716","2833","Chemicals"
"Nitrites, nitrates","2515920","0.0005142462997189581","2834","Chemicals"
"Phosphates","43103600","0.008810243093805082","2835","Chemicals"
"Carbonates","21456500","0.004385642520398035","2836","Chemicals"
"Cyanides","317971","0.00006499229314443099","2837","Chemicals"
"Silicates","2214491","0.00045263514043011513","2839","Chemicals"
"Borates","879581","0.0001797836475536189","2840","Chemicals"
"Salts of oxometallic acids","3307160","0.0006759733189364326","2841","Chemicals"
"Other salts of acids","760731","0.0001554910735760687","2842","Chemicals"
"Compounds of precious metals","13046633","0.0026666916054728486","2843","Chemicals"
"Uranium","490572","0.00010027140598497913","2844","Chemicals"
"Compounds of rare-earth metals","57191","0.000011689664268826883","2846","Chemicals"
"Hydrogen peroxide","1869820","0.00038218544951369764","2847","Chemicals"
"Carbides","2907677","0.0005943202240245799","2849","Chemicals"
"Hydrides, nitrides, azides, silicides and borides","262915","0.00005373901630044273","2850","Chemicals"
"Inorganic compounds, liquid or compressed air","20884242","0.004268674747581502","2851","Chemicals"
"Acyclic hydrocarbons","2503446","0.0005116966525351469","2901","Chemicals"
"Cyclic hydrocarbons","19314534","0.003947831266612614","2902","Chemicals"
"Halogenated derivatives of hydrocarbons","26797422","0.005477310528755844","2903","Chemicals"
"Sulfonated, nitrated derivatives of hydrocarbons","199501","0.00004077738999659443","2904","Chemicals"
"Acyclic alcohols","48776096","0.00996968380661415","2905","Chemicals"
"Cyclic alcohols","1885329","0.0003853554413506167","2906","Chemicals"
"Phenols, phenol-alcohols","2190762","0.0004477850059083374","2907","Chemicals"
"Derivatives of phenols","21571610","0.004409170649893666","2908","Chemicals"
"Ethers","6051541","0.0012369163434638477","2909","Chemicals"
"Epoxides","17611","0.000003599634163387775","2910","Chemicals"
"Acetals and hemiacetals","2975949","0.0006082748105672413","2911","Chemicals"
"Aldehydes","20604996","0.004211597725175655","2912","Chemicals"
"Derivatives of aldehydes","11200","0.0000022892455073501266","2913","Chemicals"
"Ketones and quinones","48944580","0.010004121417333827","2914","Chemicals"
"Saturated acyclic monocarboxylic acids","269906752","0.055168108876737926","2915","Chemicals"
"Unsaturated acyclic monocarboxylic acids","77768008","0.015895541332997205","2916","Chemicals"
"Polycarboxylic acids","382122976","0.07810475946993395","2917","Chemicals"
"Carboxylic acids with additional oxygen function","76055280","0.015545465004487138","2918","Chemicals"
"Phosporic esters","260443","0.00005323374711346331","2919","Chemicals"
"Esters of other inorganic acids of nonmetals","16125688","0.0032960409649044507","2920","Chemicals"
"Amine-function compounds","33504296","0.006848174919190073","2921","Chemicals"
"Oxygen-function amino-compounds","29587374","0.00604756812533821","2922","Chemicals"
"Quaternary ammonium salts and hydroxides","8287525","0.0016939445869019517","2923","Chemicals"
"Carboxyamide-function compounds","1549973","0.00031680970774678553","2924","Chemicals"
"Carboxyimide-function compounds","1521568","0.00031100381322568906","2925","Chemicals"
"Nitrile-function compounds","8207591","0.0016776063234747618","2926","Chemicals"
"Diazo-, azo-, or azoxy-compounds","18747628","0.0038319574261135216","2927","Chemicals"
"Organix derivatives of hydrazine","8643721","0.0017667499523248162","2928","Chemicals"
"Isocyanates","723072","0.00014779368995452416","2929","Chemicals"
"Organo-sulfur compounds","25115918","0.005133616289685194","2930","Chemicals"
"Other organo-inorganic compounds","4795380","0.0009801609036639866","2931","Chemicals"
"Heterocyclic compounds with oxygen hetero-atom(s) only","64405420","0.01316426949857125","2932","Chemicals"
"Heterocyclic compounds with nitrogen hetero-atom(s) only","211789024","0.04328902425875608","2933","Chemicals"
"Nucleic acids and their salts","105204808","0.021503538755860058","2934","Chemicals"
"Sulfonamides","222949","0.00004557008898376816","2935","Chemicals"
"Vitamins","6019596","0.0012303868838448922","2936","Chemicals"
"Hormones","52130208","0.010655253969752468","2937","Chemicals"
"Glycosides","1635089","0.00033420715601496526","2938","Chemicals"
"Vegetable alkaloids","10556057","0.0021576255413019514","2939","Chemicals"
"Other sugars, chemically pure","97061","0.000019838969481152735","2940","Chemicals"
"Antibiotics","65775200","0.013444248312058574","2941","Chemicals"
"Other organic compounds","719087","0.0001469791682271322","2942","Chemicals"
"Heparin for therapeutic use","2021897","0.00041326951996202674","3001","Chemicals"
"Serums and vaccines","193085392","0.03946605947954804","3002","Chemicals"
"Medicaments, not packaged","11512244","0.0023530672193320047","3003","Chemicals"
"Medicaments, packaged","1210619136","0.24744682305357962","3004","Chemicals"
"Wadding, gauze and bandages","145846048","0.029810483048997402","3005","Chemicals"
"Pharmaceutical goods","260094016","0.05316241585862964","3006","Chemicals"
"Animal or vegetable fertilizers","7872756","0.0016091670806664066","3101","Chemicals"
"Nitrogenous fertilizers","7019581","0.001434780738190206","3102","Chemicals"
"Phosphatic fertilizers","41145100","0.008409931725399259","3103","Chemicals"
"Potassic fertilizers","1437928","0.0002939080548118708","3104","Chemicals"
"Mixed fertilizers","299089856","0.06113304545910681","3105","Chemicals"
"Vegetable tanning extracts","63290","0.000012936281085731205","3201","Chemicals"
"Synthetic tanning substances","1945722","0.00039769958455824133","3202","Chemicals"
"Coloring matter of animal or vegetable origin","17703490","0.0036185388345462404","3203","Chemicals"
"Synthetic organic coloring matter","131835720","0.026946815153416896","3204","Chemicals"
"Color lakes","2599527","0.0005313353130344064","3205","Chemicals"
"Other coloring matter","587910784","0.12016715366024024","3206","Chemicals"
"Prepared pigments","41807604","0.008545345502685106","3207","Chemicals"
"Paints and varnishes, nonaqueous","68903952","0.014083755585238283","3208","Chemicals"
"Paints and varnishes, aqueous","44937016","0.009184987677832209","3209","Chemicals"
"Other paints and varnishes","529263","0.00010817972722827233","3210","Chemicals"
"Prepared driers","15670","0.0000032028997410871856","3211","Chemicals"
"Pigments, nonaqueous","4975381","0.001016952553714748","3212","Chemicals"
"Artists' colors","3235385","0.0006613027299819633","3213","Chemicals"
"Glaziers' putty","58986088","0.012056574727692787","3214","Chemicals"
"Ink","27220574","0.005563801494374256","3215","Chemicals"
"Essential oils","125804256","0.02571400248692189","3301","Chemicals"
"Mixtures of odoriferous subtances","162293520","0.033172295672503384","3302","Chemicals"
"Perfumes","139876304","0.028590285760423263","3303","Chemicals"
"Make-up preparations","248986240","0.050892020652857174","3304","Chemicals"
"Hair products","683795392","0.13976567223952846","3305","Chemicals"
"Dental hygiene products","292714592","0.05982996113141298","3306","Chemicals"
"Toiletries","277137728","0.05664609810189477","3307","Chemicals"
"Soap","104276704","0.021313837156542767","3401","Chemicals"
"Cleaning products","535896928","0.10953568168095842","3402","Chemicals"
"Lubricants","12557786","0.0025667727841753854","3403","Chemicals"
"Artificial and prepared waxes","20314034","0.004152125988451582","3404","Chemicals"
"Polishes and creams","5900990","0.001206144182715895","3405","Chemicals"
"Candles","33727196","0.0068937349927247465","3406","Chemicals"
"Modeling pastes","5783445","0.0011821183467193351","3407","Chemicals"
"Casein","72415","0.000014801402983460662","3501","Chemicals"
"Albumins","1959479","0.0004005114729907963","3502","Chemicals"
"Gelatin","3183753","0.0006507493081930793","3503","Chemicals"
"Peptones","8248819","0.001686033199704854","3504","Chemicals"
"Dextrins and other modified starches","10377176","0.0021210628158019247","3505","Chemicals"
"Glues and adhesives","83232424","0.017012451134630433","3506","Chemicals"
"Enzymes","46851780","0.009576359542531832","3507","Chemicals"
"Propellant powders","4999","0.0000010217802045752932","3601","Chemicals"
"Prepared explosives, except gunpowder","29376478","0.006004461632434807","3602","Chemicals"
"Detonators","100814072","0.02060608583961359","3603","Chemicals"
"Fireworks","598412","0.00012231356987003607","3604","Chemicals"
"Matches","386410","0.00007898101397278236","3605","Chemicals"
"Ferrocerium and other pyrophoric alloys","41531","0.000008488808496942688","3606","Chemicals"
"Photographic plates","21765740","0.004448850224031334","3701","Chemicals"
"Photographic film in rolls","6476206","0.0013237165616226726","3702","Chemicals"
"Photographic paper","581017","0.0001187580854414329","3703","Chemicals"
"Photographic film, developed","114472","0.000023397724260480687","3705","Chemicals"
"Motion-picture film","5273","0.0000010777849607372515","3706","Chemicals"
"Chemical preparations for photographic uses","12684685","0.002592710548964423","3707","Chemicals"
"Artificial graphite","51916752","0.010611624220733099","3801","Chemicals"
"Activated carbon","37310072","0.00762606381293837","3802","Chemicals"
"Tall oil","7043","0.000001439567509666691","3803","Chemicals"
"Residual lyes","2611488","0.0005337801045981042","3804","Chemicals"
"Turpentines","5875547","0.0012009437118727245","3805","Chemicals"
"Rosin and resin acids","26196310","0.005354445087200999","3806","Chemicals"
"Insecticides, rodenticides, fungicides, etc.","205043904","0.04191034250370809","3808","Chemicals"
"Finishing agents","130674888","0.02670954466763223","3809","Chemicals"
"Pickling preparations for metal surfaces","29916912","0.00611492467765974","3810","Chemicals"
"Anti-knock","102552736","0.020961463406648534","3811","Chemicals"
"Stabilizers for rubber or plastic","56782864","0.011606242527363681","3812","Chemicals"
"Preparations for fire extinguishers","2370342","0.000484490604855653","3813","Chemicals"
"Organic composite solvents and thinners","3213567","0.0006568431979748772","3814","Chemicals"
"Catalytic preparations","36922384","0.007546821579701445","3815","Chemicals"
"Refractory cements","9857758","0.002014895376253997","3816","Chemicals"
"Mixed alkylbenzenes","10104","0.000002065226482702293","3817","Chemicals"
"Chemical elements for electronics","75669","0.000015466510562113994","3818","Chemicals"
"Hydraulic fluids","2683732","0.0005485465557081938","3819","Chemicals"
"Antifreezing preparation","2418683","0.0004943713563798327","3820","Chemicals"
"Prepared culture media for micro-organisms","860003","0.00017578196464800277","3821","Chemicals"
"Diagnostic or laboratory reagents","3278554","0.0006701263406343561","3822","Chemicals"
"Industrial monocarboxylic fatty acids","243476016","0.04976574783709888","3823","Chemicals"
"Polymers of ethylene","436538112","0.08922704568599164","3901","Chemicals"
"Polymers of propylene","59863952","0.012236007425734254","3902","Chemicals"
"Polymers of styrene","643534400","0.131536449466541","3903","Chemicals"
"Polymers of vinyl chloride","322126112","0.0658415852407289","3904","Chemicals"
"Polymers of vinyl acetate","6267797","0.0012811184038600536","3905","Chemicals"
"Acrylic polymers","75536464","0.015439420611885229","3906","Chemicals"
"Polyacetals","680363584","0.13906422125327056","3907","Chemicals"
"Polyamides","28268656","0.005778026227395197","3908","Chemicals"
"Amino-resins","45110680","0.009220484064599035","3909","Chemicals"
"Silicones in primary forms","4431434","0.0009057714621088037","3910","Chemicals"
"Petroleum resins","24071540","0.004920148642857042","3911","Chemicals"
"Cellulose n.e.c.","84397120","0.017250511410115136","3912","Chemicals"
"Natural polymers","1177821","0.00024074298506362798","3913","Chemicals"
"Ion-exchangers based on polymers","397105","0.00008116703903538143","3914","Chemicals"
"Plastic waste","129049464","0.026377313007851955","3915","Chemicals"
"Monofilament","25997240","0.005313755792277054","3916","Chemicals"
"Plastic tubes and fittings","603925440","0.12344050002629005","3917","Chemicals"
"Plastic floor coverings","1908192","0.0003900285681394154","3918","Chemicals"
"Self-adhesive plastic sheets","172292368","0.035216029410242385","3919","Chemicals"
"Other plates of plastics, noncellular and not reinforced","762248832","0.1558013137624001","3920","Chemicals"
"Other plastic plates, sheets etc.","244372976","0.04994908369873039","3921","Chemicals"
"Baths, sinks etc.","54837076","0.0112085294526087","3922","Chemicals"
"Packing lids","986692864","0.20167698268271692","3923","Chemicals"
"Plastic household articles","368561856","0.07533290830612717","3924","Chemicals"
"Plastic builders' ware","270708352","0.0553319534480497","3925","Chemicals"
"Other articles of plastic","1809258624","0.36980689077022066","3926","Chemicals"
"Natural rubber","3543951","0.0007243726700909811","4001","Chemicals"
"Synthetic rubber","250780224","0.05125870545752308","4002","Chemicals"
"Reclaimed rubber","73986","0.000015122510545250577","4003","Chemicals"
"Scrap of rubber","2082696","0.00042569664831929277","4004","Chemicals"
"Compounded rubber","41406768","0.008463415858740088","4005","Chemicals"
"Unvulcanized rubber rods","2038724","0.0004167089069398999","4006","Chemicals"
"Vulcanized rubber thread and cord","98042","0.000020039482859966172","4007","Chemicals"
"Vulcanized rubber plates","26893752","0.005497000084088257","4008","Chemicals"
"Vulcanized rubber tubes","669641472","0.13687265458136835","4009","Chemicals"
"Conveyor belts of vulcanized rubber","181364400","0.03707032481189744","4010","Chemicals"
"New pneumatic tires of rubber","1038172992","0.21219936230252134","4011","Chemicals"
"Used pneumatic tires of rubber","64217236","0.01312580526852168","4012","Chemicals"
"Rubber inner tubes","1702455","0.00034797655894783567","4013","Chemicals"
"Rubber hygenic or pharmeceutical items","2627104","0.0005369719669054953","4014","Chemicals"
"Vulcanized rubber articles of apparel","12843397","0.002625150792978937","4015","Chemicals"
"Other articles of vulcanized rubber","918529792","0.18774466068778986","4016","Chemicals"
"Hard rubber","600133","0.00012266533696987086","4017","Chemicals"
"Raw hides of bovines or equines","596150","0.00012185122403631945","4101","Agriculture"
"Other raw hides and skins","646588","0.00013216059590236641","4103","Agriculture"
"Tanned hides of bovines or equines","303318720","0.06199741223707063","4104","Agriculture"
"Tanned sheepskins","1139594","0.00023292950399135358","4105","Agriculture"
"Tanned skins of other animals","1189390","0.00024310765303456848","4106","Agriculture"
"Bovine leather further prepared","1850004","0.00037813512014105036","4107","Agriculture"
"Chamois leather","3345182","0.0006837448986400456","4108","Agriculture"
"Patent leather","174333","0.00003563312830650622","4109","Agriculture"
"Waste of leather","1184364","0.00024208035411314512","4110","Agriculture"
"Composition leather","1450519","0.000296481616435357","4111","Agriculture"
"Saddlery and harnesses","22725406","0.004645002998947108","4201","Agriculture"
"Trunks or cases","137728720","0.028151326204739598","4202","Agriculture"
"Leather apparel","32464406","0.006635624605740222","4203","Agriculture"
"Other articles of leather","113452984","0.02318944052834516","4205","Agriculture"
"Articles of gut","362066","0.00007400517534502061","4206","Agriculture"
"Other raw furskins","465897","0.0000952279119765984","4301","Agriculture"
"Other tanned furskins","100514","0.00002054475204694559","4302","Agriculture"
"Furskin apparel","64809","0.000013246760007665569","4303","Agriculture"
"Artificial fur","7987","0.000001632518202429059","4304","Agriculture"
"Fuel wood","1494749","0.00030552209222018696","4401","Agriculture"
"Wood charcoal","37703248","0.0077064277764738965","4402","Agriculture"
"Wood in the rough","14463764","0.0029563488175332587","4403","Agriculture"
"Strips and other pieces of wood","931783","0.0001904535755870735","4404","Agriculture"
"Wood wool or flour","45461","0.000009292088393718225","4405","Agriculture"
"Wooden railway ties","1238492","0.0002531439506150958","4406","Agriculture"
"Wood sawn lengthwise","4161820","0.0008506631908392772","4407","Agriculture"
"Sheets for veneering for plywood","1069171","0.0002185352596731288","4408","Agriculture"
"Wood shaped along its edges","86457360","0.017671618121192192","4409","Agriculture"
"Particle board and similar board","8854180","0.0018097671237740486","4410","Agriculture"
"Fiberboard of wood","17404106","0.0035573456669594095","4411","Agriculture"
"Plywood","4298036","0.000878505321734742","4412","Agriculture"
"Densified wood","49465","0.000010110493662595894","4413","Agriculture"
"Wooden frames","2474101","0.0005056986249089693","4414","Agriculture"
"Packing boxes","17467326","0.0035702676402607197","4415","Agriculture"
"Casks, barrels, etc. of wood","2989080","0.0006109587465276889","4416","Agriculture"
"Wooden tools","1968895","0.00040243607439233284","4417","Agriculture"
"Wood carpentry for construction","62116052","0.012696329729939898","4418","Agriculture"
"Wooden kitchenware","2799962","0.0005723036097545602","4419","Agriculture"
"Wood marquetry, ornaments, etc.","3307292","0.000676000299329912","4420","Agriculture"
"Other articles of wood","144928000","0.02962283686511064","4421","Agriculture"
"Natural cork, raw","10995","0.0000022473441386888075","4501","Agriculture"
"Natural cork, debacked","9564","0.000001954852145740769","4502","Agriculture"
"Articles of natural cork","1216794","0.00024870894623844555","4503","Agriculture"
"Agglomerated cork","424580","0.00008678284442059971","4504","Agriculture"
"Products of plaiting materials","1668338","0.00034100314921799065","4601","Agriculture"
"Basketwork","18608246","0.0038034681745683896","4602","Agriculture"
"Chemical woodpulp, dissolving grade","17284","0.000003532796370449963","4702","Agriculture"
"Chemical woodpulp, soda or sulfate","247442","0.000050576382752654466","4703","Agriculture"
"Pulps of recovered paper fibers","145098","0.00002965758434156149","4706","Agriculture"
"Paper waste","23463694","0.004795906792440904","4707","Agriculture"
"Newsprint","2062265","0.00042152061484066155","4801","Agriculture"
"Paper used for graphic purposes","43810444","0.008954719830536991","4802","Agriculture"
"Tissue","124864816","0.02552198384411609","4803","Agriculture"
"Uncoated kraft paper and paperboard","31254564","0.006388336626891697","4804","Agriculture"
"Other uncoated paper and paperboard","16424838","0.0033571863036119323","4805","Agriculture"
"Transparent paper","32234494","0.006588631301000411","4806","Agriculture"
"Uncoated composite paper","75359","0.00001540314751682127","4807","Agriculture"
"Corrugated paper and paperboard","6127057","0.0012523515812971557","4808","Agriculture"
"Carbon paper","1041102","0.0002127980425172528","4809","Agriculture"
"Paper and paperboard, coated with kaolin","24325980","0.0049721553952579494","4810","Agriculture"
"Cellulose wadding, coated","310268544","0.06341793485929154","4811","Agriculture"
"Filter blocks of paper pulp","1656467","0.0003385767533771198","4812","Agriculture"
"Cigarette paper","895811","0.0001831010095700736","4813","Agriculture"
"Wallpaper","47006","0.000009607881635580362","4814","Agriculture"
"Other carbon paper","1391633","0.0002844454993866231","4816","Agriculture"
"Letterstock","67283272","0.013752493584447906","4817","Agriculture"
"Toilet paper","655292608","0.13393979096997746","4818","Agriculture"
"Cardboard packing containers","284751360","0.05820230103498558","4819","Agriculture"
"Notebooks","173345504","0.03543128716529852","4820","Agriculture"
"Paper labels","84951392","0.01736380289992317","4821","Agriculture"
"Bobbins, spools, cops of paper","1620840","0.00033129470429762314","4822","Agriculture"
"Other paper cut to size","146907904","0.03002752314519854","4823","Agriculture"
"Books, brochures etc.","94244408","0.0192632667506136","4901","Agriculture"
"Newspapers, journals and periodicals","3140611","0.0006419312162575347","4902","Agriculture"
"Children's books","17066444","0.003488328594057368","4903","Agriculture"
"Music, printed or in manuscript","14198","0.0000029020274744068835","4904","Agriculture"
"Maps","23847","0.000004874253358373078","4905","Agriculture"
"Architectural, engineering, etc. drawings","99945","0.000020428450199295393","4906","Agriculture"
"Unused stamps","11156808","0.002280417195568567","4907","Agriculture"
"Transfers (decalcomanias)","9293870","0.001899638405660368","4908","Agriculture"
"Printed or illustrated postcards","741888","0.0001516396224068724","4909","Agriculture"
"Calendars","3680338","0.000752249752859817","4910","Agriculture"
"Other printed matter","254513360","0.05202174695898085","4911","Agriculture"
"Silkworm cocoons","5479","0.0000011198907263188699","5001","Textiles"
"Silk yarn","1536148","0.00031398392032365023","5004","Textiles"
"Woven silk fabrics","36257","0.000007410819139285138","5007","Textiles"
"Wool","467843","0.00009562566838350048","5101","Textiles"
"Wool or animal hair waste","186125","0.00003804337679067342","5103","Textiles"
"Wool, combed","163665","0.00003345262196075522","5105","Textiles"
"Yarn of carded wool, not for retail sale","2265091","0.0004629776245972505","5106","Textiles"
"Yarn of combed wool, not for retail sale","7800768","0.0015944529551679136","5107","Textiles"
"Yarn of wool or animal hair, for retail sale","35813","0.000007320066906672329","5109","Textiles"
"Woven fabrics of carded wool","11813907","0.002414726207500198","5111","Textiles"
"Woven fabrics of combed wool","15818034","0.0032331574347867456","5112","Textiles"
"Woven fabrics of coarse animal hair","1242","2.538609750115051e-7","5113","Textiles"
"Raw cotton","88885872","0.018167998494901645","5201","Textiles"
"Cotton waste","2249359","0.0004597620522471048","5202","Textiles"
"Cotton, carded or combed","19987388","0.004085360552023557","5203","Textiles"
"Cotton sewing thread","503186","0.00010284966873763221","5204","Textiles"
"Cotton yarn of > 85%","42499940","0.008686856848897317","5205","Textiles"
"Cotton yarn of < 85%","5689928","0.0011630037599237224","5206","Textiles"
"Cotton yarn for retail sale","3650398","0.0007461301090660614","5207","Textiles"
"Woven fabrics of cotton of > 85% weighing < 200 g/m2","2844056","0.0005813162875582296","5208","Textiles"
"Woven fabrics of cotton of < 85% weighing > 200 g/m2","98161760","0.020063961435141192","5209","Textiles"
"Woven fabrics of cotton of < 85% weighing < 200 g/m2","226339","0.00004626299454358217","5210","Textiles"
"Woven fabrics of cotton of < 85% weighing > 200 g/m2","21686772","0.004432709408029154","5211","Textiles"
"Other woven cotton fabrics","157158","0.000032122611200368855","5212","Textiles"
"Textile bast fibers","81428","0.00001664363242611662","5303","Textiles"
"Vegetable textile fibers","617987","0.0001263146395848913","5305","Textiles"
"Yarn of textile bast fibers","2146","4.386357909619082e-7","5307","Textiles"
"Yarn of other vegetable textile fibers","27670","0.000005655662784676608","5308","Textiles"
"Woven fabrics of flax","404758","0.00008273128866643058","5309","Textiles"
"Woven fabrics of jute or of other textile bast fibers","2272","4.6438980291959716e-7","5310","Textiles"
"Woven fabrics of vegetable textile fibers","163435","0.00003340561066908642","5311","Textiles"
"Synthetic sowing thread","9738214","0.001990460950813759","5401","Textiles"
"Synthetic filament yarn","146393248","0.029922329043785077","5402","Textiles"
"Artificial filament yarn","105413","0.000021546092559490973","5403","Textiles"
"Synthetic monofilament >67 dtex, thickness < 1mm","18463134","0.0037738077286699435","5404","Textiles"
"Artificial monofilament >67dtex t<1mm, strip, straws t<5mm","72849","0.000014890111246870482","5405","Textiles"
"Synthetic filament yarn for retail sale","2696086","0.0005510716752615691","5406","Textiles"
"Woven fabrics of synthetic filament yarn","26740880","0.00546575351808829","5407","Textiles"
"Woven fabrics of artificial filament yarn","82584","0.000016879915265982398","5408","Textiles"
"Synthetic filament tow","11824008","0.002416790820792139","5501","Textiles"
"Artificial filament tow","43308356","0.008852094589617849","5502","Textiles"
"Synthetic staple fibers","28769578","0.005880413141505272","5503","Textiles"
"Artificial staple fibers, not processed for spinning","9446","0.000001930733309145473","5504","Textiles"
"Waste of man-made fibers","3557800","0.0007272033630402036","5505","Textiles"
"Synthetic staple fibers, processed","5764547","0.0011782556537195223","5506","Textiles"
"Synthetic staple fibers sewing thread","1196212","0.00024450204882484907","5508","Textiles"
"Yarn of synthetic staple fibers, not for retail sale","10750235","0.0021973149264917936","5509","Textiles"
"Yarn of artificial staple fibers, not for retail sale","237744","0.000048594141419593615","5510","Textiles"
"Yarn of synthetic staple fibers, for retail sale","270567","0.000055303061534571576","5511","Textiles"
"Woven fabrics of > 85% synthetic staple fibers","35574152","0.007271247111052725","5512","Textiles"
"Woven fabrics of < 85% synthetic staple fibers weighing < 170 g/m2","1084202","0.0002216075497821448","5513","Textiles"
"Woven fabrics of < 85% synthetic staple fibers weighing > 170 g/m2","9491667","0.0019400675033047726","5514","Textiles"
"Other woven fabrics of synthetic staple fibers","13078786","0.0026732635796512263","5515","Textiles"
"Woven fabrics of artificial staple fibers","194119","0.000039677325771544574","5516","Textiles"
"Wadding of textile materials","40406188","0.008258900388227196","5601","Textiles"
"Felt","19861370","0.004059602860921302","5602","Textiles"
"Nonwoven textiles","87704496","0.017926528878786353","5603","Textiles"
"Rubber textiles","503489","0.00010291160100448284","5604","Textiles"
"Metallised yarn","412449","0.0000843033053804511","5605","Textiles"
"Gimp yarn","410782","0.00008396257571431248","5606","Textiles"
"Twine and ropes of baste fibers","35114000","0.007177193459383245","5607","Textiles"
"Nets","2869103","0.0005864358172209616","5608","Textiles"
"Articles of yarn, rope etc not elsewhere clasified","9701501","0.0019829569266788176","5609","Textiles"
"Carpets, knotted","691848","0.0001414116005151045","5701","Textiles"
"Woven carpets and rugs","1310239","0.00026780881645579666","5702","Textiles"
"Carpets, tufted","55930736","0.011432070188463034","5703","Textiles"
"Carpets of felt","1765082","0.0003607773248754086","5704","Textiles"
"Other carpets","2460189","0.000502855054953768","5705","Textiles"
"Woven pile fabrics","3151955","0.0006442498949214079","5801","Textiles"
"Terry cloth","11329","0.000002315612710068713","5802","Textiles"
"Gauze","170366","0.00003482228572367961","5803","Textiles"
"Lace and net fabrics","749160","0.00015312599681128756","5804","Textiles"
"Hand-woven tapestries","20176","0.000004123912263955014","5805","Textiles"
"Narrow woven fabrics","11056115","0.002259835856472888","5806","Textiles"
"Labels and badges of textiles","3310276","0.0006766102197400847","5807","Textiles"
"Braids in piece","11518655","0.0023543776079880422","5808","Textiles"
"Woven fabric incorporating metal threads","65713","0.00001343153482361597","5809","Textiles"
"Embroidery in the piece","9896289","0.0020227709939900427","5810","Textiles"
"Quilted textile products","1739249","0.00035549713923332146","5811","Textiles"
"Stiffened textiles","5373405","0.0010983074335198847","5901","Textiles"
"Tire cord fabric","32216204","0.006584892881328141","5902","Textiles"
"Textile fabrics impregnated with plastics","58620804","0.011981911803058245","5903","Textiles"
"Linoleum","2522","5.154890329943768e-7","5904","Textiles"
"Textile wall coverings","965","1.9724302808864931e-7","5905","Textiles"
"Rubberized textile fabrics","7626348","0.0015588020443293414","5906","Textiles"
"Other textile fabrics impregnated, coated or covered","252678","0.000051646605027340646","5907","Textiles"
"Textile wicks","15651","0.000003199016199601503","5908","Textiles"
"Textile hosepiping and similar tubing","569863","0.00011647824219241653","5909","Textiles"
"Transmission belts or belting, of textile material","4051882","0.0008281922022154326","5910","Textiles"
"Textile articles for technical use","273933696","0.05599120382855494","5911","Textiles"
"Pile fabrics, knit","918672","0.00018777372756503173","6001","Textiles"
"Other knitted fabrics","29598806","0.006049904790931069","6002","Textiles"
"Men's overcoats, knit","26132048","0.005341310132308738","6101","Textiles"
"Women's overcoats, knit","5465580","0.0011171477196484558","6102","Textiles"
"Men's suits, knit","21507072","0.0043959792814514025","6103","Textiles"
"Women's suits, knit","132730232","0.027129650651387505","6104","Textiles"
"Men's shirts, knit","24703572","0.005049334037187534","6105","Textiles"
"Women's shirts, knit","74556600","0.015239139427973255","6106","Textiles"
"Men's undergarments, knit","10850581","0.002217825339856129","6107","Textiles"
"Women's undergarments, knit","54970780","0.011235858138440373","6108","Textiles"
"T-shirts, knit","610902464","0.12486658224474309","6109","Textiles"
"Sweaters, pullovers, sweatshirts etc., knit","279103712","0.05704793917685211","6110","Textiles"
"Babies' garments, knit","4380067","0.0008952722055037989","6111","Textiles"
"Activewear, knit","26118032","0.005338445305073825","6112","Textiles"
"Garments knit with impregnated fibers","2570474","0.0005253969693089561","6113","Textiles"
"Other garments, knit","90878200","0.018575224202327347","6114","Textiles"
"Socks, stockings, etc., knit","69616832","0.01422946606178112","6115","Textiles"
"Gloves, knit","55644496","0.011373563613996615","6116","Textiles"
"Other clothing accesories, knit","20876724","0.004267138091534693","6117","Textiles"
"Men's overcoats, not knit","65046228","0.013295248680274287","6201","Textiles"
"Womens overcoats, not knit","11301560","0.002310004058575705","6202","Textiles"
"Men's suits and pants","1319181312","0.2696365974889505","6203","Textiles"
"Women's suits and pants","254045504","0.05192611863343737","6204","Textiles"
"Men's shirts","123380688","0.0252186326515864","6205","Textiles"
"Women's shirts","21809904","0.004457877209619424","6206","Textiles"
"Men's undergarments","2492898","0.0005095406738198318","6207","Textiles"
"Women's undergarments","1220628","0.0002494926040308724","6208","Textiles"
"Babies' garments","961459","0.00019651925859387015","6209","Textiles"
"Garments made of textile felts and nonwoven fabric","133940544","0.02737703469678857","6210","Textiles"
"Activewear","352196000","0.07198777774166831","6211","Textiles"
"Brassieres","27577894","0.005636836601935537","6212","Textiles"
"Handkerchiefs","72781","0.00001487621225629014","6213","Textiles"
"Shawls, scarves, etc.","545884","0.00011157700844056397","6214","Textiles"
"Ties, bow ties and cravats","188947","0.00003862018489975753","6215","Textiles"
"Gloves","482090","0.00009853771130700202","6216","Textiles"
"Other clothing accesories","15959135","0.0032619980446378714","6217","Textiles"
"Blankets","10844925","0.0022166692708749172","6301","Textiles"
"House linen","48367172","0.009886101000377755","6302","Textiles"
"Curtains","343479008","0.07020605142259627","6303","Textiles"
"Other furnishing articles","26426582","0.005401511974832118","6304","Textiles"
"Bags for packing goods","96007152","0.01962356619548935","6305","Textiles"
"Tents, tarpaulins, etc.","2707799","0.0005534657763890327","6306","Textiles"
"Other made up articles","544139072","0.11122035053122026","6307","Textiles"
"Needlecraft sets of woven fabric and yarn","71169","0.000014546724420767962","6308","Textiles"
"Used clothes and textiles","1702073","0.0003478984793242814","6309","Textiles"
"Used or new rags textile scraps","7705469","0.001574974133060328","6310","Textiles"
"Waterproof footwear","8805663","0.0017998503983918963","6401","Textiles"
"Other footwear of rubber or plastics","40480116","0.00827401104375107","6402","Textiles"
"Leather footwear","363690848","0.07433728927217481","6403","Textiles"
"Textile footwear","97019520","0.019830491096898727","6404","Textiles"
"Other footwear","4935881","0.0010088788753629331","6405","Textiles"
"Parts of footwear","45870932","0.009375877232050281","6406","Textiles"
"Hat forms","14047","0.000002871163539441717","6501","Textiles"
"Hat shapes","127101","0.000025979052966938256","6502","Textiles"
"Hats","19057098","0.0038952121410384894","6504","Textiles"
"Hats, knit","150411392","0.030743625302703463","6505","Textiles"
"Other headgear","30702134","0.006275421636210855","6506","Textiles"
"Headbands","15218228","0.0031105589356098125","6507","Textiles"
"Umbrellas","3985483","0.0008146204511044916","6601","Textiles"
"Walking sticks","24761","0.000005061072143526472","6602","Textiles"
"Parts of umbrellas or walking sticks","862490","0.00017629029978878668","6603","Textiles"
"Feathers or down","220777","0.000045126138872878476","6701","Textiles"
"Artificial flowers","5316723","0.0010867218072834898","6702","Textiles"
"Human animal hair prepared for use in wigs","25038","0.000005117690090449328","6703","Textiles"
"Wigs","1045488","0.00021369452740968475","6704","Textiles"
"Flagstones, of natural stone","1111934","0.00022727588517587995","6801","Stone"
"Worked building stone","44506968","0.009097087191051416","6802","Stone"
"Worked slate","12158","0.0000024850577569966823","6803","Stone"
"Grindstones","43601776","0.008912068733972016","6804","Stone"
"Natural or artificial abrasive powder","157108608","0.03211251562768144","6805","Stone"
"Mineral wools and insulating materials","40281596","0.008233434167133288","6806","Stone"
"Asphalt","24625156","0.005033306048285358","6807","Stone"
"Panels of vegetable fibers","456386","0.00009328389286763347","6808","Stone"
"Plaster articles","145457168","0.02973099717463148","6809","Stone"
"Articles of cement, of concrete or of artificial stone","166299168","0.03399103778750571","6810","Stone"
"Asbestos-cement or cellulose fiber-cement","23822668","0.004869279972508359","6811","Stone"
"Asbestos fibres","552046","0.00011283650226344713","6812","Stone"
"Friction material and articles thereof","18865826","0.0038561167332990367","6813","Stone"
"Mica articles","215118","0.000043969456700905763","6814","Stone"
"Articles of stone or of other mineral substances","129134632","0.02639472108475999","6815","Stone"
"Bricks, blocks, and other ceramic goods","83569","0.00001708124623247703","6901","Stone"
"Bricks, tiles and similar refractory ceramic constructional goods","13029786","0.0026632481305565695","6902","Stone"
"Other refractory ceramic goods","94589424","0.01933378695846752","6903","Stone"
"Ceramic building bricks","28891930","0.00590542151349771","6904","Stone"
"Architectural ceramic ornaments","5219336","0.0010668162044063195","6905","Stone"
"Ceramic pipes","37854","0.000007737241021002829","6906","Stone"
"Unglazed ceramic flags and pavers","244141264","0.04990172247953403","6907","Stone"
"Glazed ceramic flags and pavers","217646896","0.04448635525506252","6908","Stone"
"Ceramic wares for technical ware","290410784","0.05935906987125251","6909","Stone"
"Ceramic sinks, washbasins, and similar sanitary fixtures","507462944","0.10372386291952401","6910","Stone"
"Porcelain or china household articles","5527194","0.0011297414314957658","6911","Stone"
"Ceramic household articles","23580282","0.004819737020584737","6912","Stone"
"Ornamental ceramic articles","28484266","0.005822096247380889","6913","Stone"
"Other ceramic articles","6519761","0.0013326190694863008","6914","Stone"
"Cullet and other scraps of glass","2328346","0.00047590675179077124","7001","Stone"
"Glass balls","414121","0.00008464505703119123","7002","Stone"
"Glass, cast or rolled","18930752","0.003869387407746377","7003","Stone"
"Drawn and blown glass","256644","0.000052457243213246956","7004","Stone"
"Float glass","56464492","0.011541168271054211","7005","Stone"
"Worked glass","8866256","0.0018122354209835806","7006","Stone"
"Safety glass","172399616","0.035237950571150624","7007","Stone"
"Multiple-walled insulating glass","110021304","0.02248801570489308","7008","Stone"
"Glass mirrors","124807696","0.025510308692028603","7009","Stone"
"Glass containers for conveyance","445060352","0.09096896529604159","7010","Stone"
"Glass envelopes","213973","0.000043735422227163274","7011","Stone"
"Glassware for interior decorative use","91521896","0.018706793682336208","7013","Stone"
"Signaling glassware","37477","0.000007660183382050062","7014","Stone"
"Clock or watch glasses and similar glasses","47817","0.000009773647537942947","7015","Stone"
"Glass paving blocks or other molded products","9450254","0.0019316028136444254","7016","Stone"
"Laboratory, hygienic or pharmaceutical glassware","65884096","0.013466506319091466","7017","Stone"
"Glass beads","2871513","0.0005869284137988824","7018","Stone"
"Glass fibers","484169600","0.09896277514245606","7019","Stone"
"Other articles of glass","1801890","0.0003683007667177786","7020","Stone"
"Pearls","239460","0.00004894488653482691","7101","Stone"
"Diamonds","6813742","0.001392707880512756","7102","Stone"
"Precious stones","3456802","0.0007065596828838333","7103","Stone"
"Synthetic precious stones","19316","0.0000039481309124977715","7104","Stone"
"Diamond dust","46694","0.000009544109796447037","7105","Stone"
"Silver","1746483456","0.35697583975976094","7106","Stone"
"Silver clad metals","258835","0.000052905076865622316","7107","Stone"
"Gold","3841876224","0.7852676683560063","7108","Stone"
"Gold clad metals","4765575","0.0009740688534544714","7109","Stone"
"Platinum","9331225","0.0019072736526181417","7110","Stone"
"Platinum clad metals","117199","0.00002395511466213638","7111","Stone"
"Scrap of precious metal","159934720","0.032690164216901824","7112","Stone"
"Jewelry of precious metal","264531168","0.05406935606232871","7113","Stone"
"Goldsmith and silversmith wares","559850","0.00011443161582946146","7114","Stone"
"Other articles of precious metals","3832016","0.0007832522689369467","7115","Stone"
"Articles of precious stones","4253066","0.0008693135922288904","7116","Stone"
"Imitation jewelry","22669260","0.004633526929459994","7117","Stone"
"Coin","1880463","0.00038436084593644116","7118","Stone"
"Ferroalloys","69158536","0.014135791770795715","7202","Metals"
"Ferrous waste and scrap","304010912","0.06213889415012631","7204","Metals"
"Powders of iron or steel","117956","0.000024109843130802817","7205","Metals"
"Iron and nonalloy steel","3118966","0.0006375070449176604","7206","Metals"
"Semifinished products of iron or nonalloy steel","626500800","0.12805483408493396","7207","Metals"
"Flat-rolled iron, width > 600mm, hot-rolled, not clad","255384064","0.05219971617507296","7208","Metals"
"Flat-rolled iron, width > 600mm, cold-rolled, not clad","158987344","0.03249652348013653","7209","Metals"
"Flat rolled iron, width > 600mm, clad","256540288","0.0524360447998489","7210","Metals"
"Flat-rolled iron, width < 600mm, not clad","56861316","0.011622277874554988","7211","Metals"
"Flat-rolled iron, width < 600mm, clad","19973664","0.004082555408689371","7212","Metals"
"Hot rolled bars of iron","158557056","0.03240857393809486","7213","Metals"
"Other bars of iron, not further worked than forged","210004784","0.04292433109768159","7214","Metals"
"Other bars and rods of iron or nonalloy steel","2503266","0.000511659861089493","7215","Metals"
"Angles of iron or nonalloy steel","204701248","0.04184030467258608","7216","Metals"
"Wire of iron or nonalloy steel","121919552","0.02491998095304823","7217","Metals"
"Stainless steel in ingots","134272","0.000027444783282403236","7218","Metals"
"Flat-rolled products of stainless steel of a width > 600 mm","156309536","0.03194918777178418","7219","Metals"
"Flat-rolled products of stainless steel of a width < 600 mm","24734390","0.005055633141477312","7220","Metals"
"Bars of stainless steel, hot-rolled","13896","0.00000284029960447655","7221","Metals"
"Other bars and rods of stainless steel","2737728","0.000559583171816665","7222","Metals"
"Wire of stainless steel","6115277","0.001249943785576032","7223","Metals"
"Other alloy steel in primary form","196072560","0.04007662741916412","7224","Metals"
"Flat-rolled products of other alloy steel, width > 600 mm","42532444","0.00869350056639472","7225","Metals"
"Flat-rolled products of other alloy steel, width < 600 mm","2615670","0.0005346348925187952","7226","Metals"
"Bars of other alloy steel","5831963","0.0011920352764984076","7227","Metals"
"Other bars and rods of other alloy steel","24691976","0.005046963850499746","7228","Metals"
"Wire of other alloy steel","12256713","0.002505234390190169","7229","Metals"
"Sheet piling of iron or steel","601607","0.00012296661803039174","7301","Metals"
"Railway construction material of iron or steel","1360446","0.0002780709726332545","7302","Metals"
"Tubes of cast iron","593214","0.00012125111467832124","7303","Metals"
"Tubes, seamless, of iron or steel","1086817152","0.22214207879705888","7304","Metals"
"Other tubes and pipes, diameter > 406.4 mm, of iron or steel","127225368","0.026004473403122015","7305","Metals"
"Other tubes, pipes and hollow profiles of iron or steel","412605248","0.084335241990454","7306","Metals"
"Tube or pipe fittings of iron or steel","178509488","0.03648678959137244","7307","Metals"
"Structures and their parts, of iron or steel","752549376","0.15381877482742332","7308","Metals"
"Tanks etc. > 300 liters, iron or steel","72001208","0.01471682517301625","7309","Metals"
"Tanks etc. < 300 liters, iron or steel","96408032","0.01970550483289886","7310","Metals"
"Containers for compressed or liquified gas","86191056","0.017617186403728856","7311","Metals"
"Wire of iron or steel, not insulated","43236272","0.008837360842015007","7312","Metals"
"Barbed wire of iron or steel","13767538","0.0028140423673010846","7313","Metals"
"Cloth of iron or steel wire","169945424","0.03473632128452789","7314","Metals"
"Chain of iron or steel","22694108","0.004638605784135586","7315","Metals"
"Anchors of iron or steel","674971","0.00013796199369121628","7316","Metals"
"Nails and similar articles of iron or steel","38842244","0.007939235051106911","7317","Metals"
"Screws and similar articles of iron or steel","168666192","0.03447485020337981","7318","Metals"
"Articles for sewing of iron or steel","1024102","0.00020932329487216778","7319","Metals"
"Springs of iron or steel","685591296","0.14013274948628132","7320","Metals"
"Stoves and similar non-electric appliances of iron or steel","611667328","0.12502291809079075","7321","Metals"
"Radiators for central heating of iron or steel","375436704","0.07673810606485172","7322","Metals"
"Household articles of iron or steel","41782856","0.008540287087701543","7323","Metals"
"Sanitary ware and parts of iron or steel","67657120","0.013828906964307892","7324","Metals"
"Other cast articles of iron or steel","61693032","0.012609865744714965","7325","Metals"
"Other articles of iron or steel","928105472","0.1897019001895597","7326","Metals"
"Copper mattes","78389976","0.016022669676721807","7401","Metals"
"Unrefined copper","39278484","0.008028401163618198","7402","Metals"
"Refined copper and copper alloys","858815040","0.17553914928256423","7403","Metals"
"Copper waste and scrap","487528928","0.09964941143993065","7404","Metals"
"Master alloys of copper","136999","0.00002800217368405893","7405","Metals"
"Copper powders and flakes","451263","0.0000922367674449411","7406","Metals"
"Copper bars, rods and profiles","61053236","0.012479093412695269","7407","Metals"
"Copper wire","137957184","0.02819802354273882","7408","Metals"
"Copper plates, sheets and strip > 0.15 mm","27951030","0.005713104451188268","7409","Metals"
"Copper foil < 0.15 mm thick","3977387","0.00081296565363775","7410","Metals"
"Copper tubes and pipes","199951424","0.04086945527502324","7411","Metals"
"Copper tube or pipe fittings","45442408","0.009288288246176023","7412","Metals"
"Copper wire, uninsulated","6759603","0.0013816420356446819","7413","Metals"
"Screws and similar articles of copper","9145993","0.0018694128022772954","7415","Metals"
"Household articles of copper","5129829","0.0010485212492611065","7418","Metals"
"Other articles of copper","26927242","0.005503845336949075","7419","Metals"
"Nickel mattes","501221","0.00010244802878924446","7501","Metals"
"Nickel unwrought","128604","0.00002628626153814783","7502","Metals"
"Nickel waste and scrap","24577784","0.005023623357376949","7503","Metals"
"Nickel bars, wire etc.","8754805","0.0017894551798193236","7505","Metals"
"Nickel plates","229784","0.00004696714193401264","7506","Metals"
"Nickel tubes and pipes","8688639","0.0017759310531908121","7507","Metals"
"Other articles of nickel","91800272","0.018763692879421395","7508","Metals"
"Unwrought aluminum","45111144","0.009220578904770056","7601","Metals"
"Waste or scrap, aluminium","344049632","0.07032268521084503","7602","Metals"
"Aluminum powders","258429","0.00005282209171598088","7603","Metals"
"Aluminum bars","429356608","0.08775916838527584","7604","Metals"
"Aluminum wire","5220817","0.0010671189162452827","7605","Metals"
"Aluminum plates > 0.2 mm","32513098","0.006645577100583428","7606","Metals"
"Aluminum foil < 0.2 mm","6102146","0.0012472598496155846","7607","Metals"
"Aluminum tubes and pipes","49154828","0.010047095461032876","7608","Metals"
"Aluminum tube or pipe fittings","23884412","0.004881900255955308","7609","Metals"
"Aluminum structures (bridges, towers etc)","207111456","0.042332943765066376","7610","Metals"
"Aluminum containers, >300 liters","325955","0.00006662419815609915","7611","Metals"
"Aluminum containers, <300 liters","204119088","0.041721312961464745","7612","Metals"
"Aluminum containers for compressed or liquefied gas","417687","0.00008537393644897789","7613","Metals"
"Aluminum wire, not insulated","44445472","0.0090845175980407","7614","Metals"
"Household articles of aluminum","12023087","0.002457481955288367","7615","Metals"
"Other articles of aluminum","332456128","0.06795300869776952","7616","Metals"
"Lead refined unwrought","230537600","0.04712117545315005","7801","Metals"
"Lead waste or scrap","2030032","0.00041493228890866003","7802","Metals"
"Lead foil <2mm","309365","0.00006323325324833678","7804","Metals"
"Other articles of lead","976577","0.00019960933123495218","7806","Metals"
"Unwrought zinc","509504672","0.1041411858348125","7901","Metals"
"Zinc waste and scrap","15681930","0.0032053381963463544","7902","Metals"
"Zinc powders","247149","0.00005051649445500682","7903","Metals"
"Zinx bars and wire","437190","0.00008936028958557159","7904","Metals"
"Zinc plates and foil","901504","0.00018426464123733646","7905","Metals"
"Other articles of zinc","9190688","0.0018785483226300642","7907","Metals"
"Unwrought tin","2105607","0.00043037958616026594","8001","Metals"
"Tin waste and scrap","2398329","0.0004902110614640645","8002","Metals"
"Tin bars and wire","12906673","0.002638084212507784","8003","Metals"
"Other articles of tin","956322","0.00019546927161429354","8007","Metals"
"Tungsten (wolfram)","9773310","0.001997634465128577","8101","Metals"
"Molybdenum","931354","0.00019036588930826517","8102","Metals"
"Tantalum","3021597","0.0006176051211850554","8103","Metals"
"Magnesium","10851413","0.002217995398093818","8104","Metals"
"Cobalt","4830622","0.0009873642599291682","8105","Metals"
"Bismuth","2267672","0.0004635051730485425","8106","Metals"
"Cadmium","2249752","0.0004598423802367823","8107","Metals"
"Titanium","49248680","0.010066278520796789","8108","Metals"
"Zirconium","21894","0.0000044750661730289","8109","Metals"
"Antimony","4474882","0.0009146520995019598","8110","Metals"
"Manganese","1599452","0.00032692306296626557","8111","Metals"
"Other metals","247952","0.00005068062518200702","8112","Metals"
"Cermets","4572574","0.0009346200434398213","8113","Metals"
"Handtools for gardening","79976736","0.016346998533975636","8201","Metals"
"Handsaws","23262080","0.004754697511751717","8202","Metals"
"Pliers, pincers and other metal handtools","22586290","0.004616568116982776","8203","Metals"
"Wrenches","12049189","0.0024628171237020147","8204","Metals"
"Hand tools n.e.c.","91664688","0.01873597992737956","8205","Metals"
"Retail tool sets","901605","0.00018428528532628667","8206","Metals"
"Interchangeable tools for hand tools","170729360","0.0348965553886395","8207","Metals"
"Knives and blades for machines","14143202","0.002890826931968333","8208","Metals"
"Articles for utensils, of cermet","55749436","0.011395013026812804","8209","Metals"
"Hand-operated appliances, food preparation, <10kg","1406942","0.0002875746118394823","8210","Metals"
"Knife sets","8538294","0.0017452009982084412","8211","Metals"
"Razors","384512992","0.07859327137979957","8212","Metals"
"Scissors","621564","0.00012704576736880126","8213","Metals"
"Other cutlery","2148773","0.00043920258362189764","8214","Metals"
"Cutlery","710414","0.00014520643373737793","8215","Metals"
"Padlocks and locks","1129588480","0.23088440651736233","8301","Metals"
"Base metal mountings, fittings and similar articles","787388224","0.16093972806539242","8302","Metals"
"Safes","105445336","0.021552701938305767","8303","Metals"
"Paper trays and similar office equipment, of base metal","44886","0.00000917456016454623","8304","Metals"
"Paper clips and similar office articles, of metal","1003007","0.0002050115418384579","8305","Metals"
"Ornaments, statuettes, etc. of metal","10738779","0.002194973355372847","8306","Metals"
"Flexible tubing of base metal","26602006","0.005437368100178671","8307","Metals"
"Clasps, buckles etc. of metal","14607171","0.0029856607666825944","8308","Metals"
"Stoppers, caps and lids of metal","306282560","0.06260321200532996","8309","Metals"
"Sign plates and similar plates of base metal","15794245","0.00322829503644975","8310","Metals"
"Wire etc. used for welding","38114676","0.007790522392598723","8311","Metals"
"Nuclear reactors and related equipment","12373","0.0000025290030948609927","8401","Machinery"
"Steam boilers","28120260","0.005747694542010489","8402","Machinery"
"Central heating boilers","2256950","0.00046131362926909536","8403","Machinery"
"Auxiliary parts for use with boilers","24168548","0.004939976779301418","8404","Machinery"
"Water gas generators","3729676","0.0007623342881135349","8405","Machinery"
"Steam turbines","31910212","0.006522349058891973","8406","Machinery"
"Spark-ignition reciprocating internal combustion piston engines","4091785472","0.8363483490014747","8407","Machinery"
"Compression-ignition internal combustion piston engines","1799057152","0.367721741310903","8408","Machinery"
"Parts suitable for use with spark-ignition engines","3899742464","0.7970953496012958","8409","Machinery"
"Hydraulic turbines, water wheels and regulators","3227673","0.0006597264209326166","8410","Machinery"
"Gas turbines","1805583616","0.3690557304529461","8411","Machinery"
"Other engines and motors","475906624","0.09727384829555054","8412","Machinery"
"Pumps for liquids","2548878592","0.5209829344211533","8413","Machinery"
"Pumps, compressors, fans, etc.","2607773440","0.5330208599738379","8414","Machinery"
"Air conditioners","3912067328","0.7996145138460012","8415","Machinery"
"Furnace burners","23437960","0.004790646842093927","8416","Machinery"
"Industrial furnaces","25044870","0.005119094297291783","8417","Machinery"
"Refrigerators, freezers","5095570944","1.0415190081192718","8418","Machinery"
"Equipment for temperature change of materials","941990720","0.1925400021183492","8419","Machinery"
"Calendering or other rolling machines, other than for metals or glass","3154994","0.0006448710571621968","8420","Machinery"
"Centrifuges","2597295616","0.5308792250168017","8421","Machinery"
"Dish washing machines","29850652","0.006101381337720721","8422","Machinery"
"Weighing machinery","97643472","0.019958024964113204","8423","Machinery"
"Sprays and powder dispersers","525527680","0.10741623932394061","8424","Machinery"
"Pulleys and winches","126035848","0.025761339178487806","8425","Machinery"
"Ships' derricks; cranes","13840864","0.002829029975878938","8426","Machinery"
"Fork-lift trucks","150457776","0.030753106049454616","8427","Machinery"
"Other lifting machinery","897300416","0.18340544161351782","8428","Machinery"
"Self-propelled bulldozers, excavators and road rollers","10180287","0.0020808193105611517","8429","Machinery"
"Other moving, excavating or boring machinery","67042164","0.013703211851788426","8430","Machinery"
"Parts for use with hoists and excavation machinery","1544973568","0.3157878392427406","8431","Machinery"
"Machinery for soil preparation or cultivation","68601096","0.014021852751544174","8432","Machinery"
"Harvesting or agricultural machinery","325661696","0.06656424772178775","8433","Machinery"
"Dairy machinery","2507933","0.0005126137815165291","8434","Machinery"
"Machines for wine and juice production","98830","0.000020200547633161878","8435","Machinery"
"Other agricultural machinery","20192442","0.004127272958118572","8436","Machinery"
"Machinery for processing grain","1190030","0.00024323846706355995","8437","Machinery"
"Machinery for the industrial preparation of food or drink","29987986","0.006129451984373079","8438","Machinery"
"Machinery for making paper","5978948","0.0012220785578285736","8439","Machinery"
"Bookbinding machinery","1041463","0.0002128718298054808","8440","Machinery"
"Other machinery for making paper","3998040","0.0008171870632326875","8441","Machinery"
"Machinery for making printing components","2350509","0.00048043680073536066","8442","Machinery"
"Printers and copiers","463126688","0.0946616687355307","8443","Machinery"
"Machines to extrude, cut manmade textile fibres","346018","0.00007072501356806036","8444","Machinery"
"Machines for preparing textile fibers","383595","0.00007840563664214034","8445","Machinery"
"Looms","379881","0.00007764650648014941","8446","Machinery"
"Knitting machines","224315","0.000045849295176896754","8447","Machinery"
"Auxiliary machinery for use with knitting and textile machines","558720","0.00011420064730952346","8448","Machinery"
"Machinery to manufacture felt","22693","0.000004638379312347895","8449","Machinery"
"Household- or laundry-type washing machines","406647808","0.08311755960158723","8450","Machinery"
"Machinery for processing fabrics","931868224","0.19047099511020907","8451","Machinery"
"Sewing machines","2501432","0.0005112849971376645","8452","Machinery"
"Machinery for preparing leather","2440603","0.0004988517368727894","8453","Machinery"
"Machines used in metallurgy","774394","0.00015828374869811552","8454","Machinery"
"Metal-rolling mills","2646393","0.0005409145791011449","8455","Machinery"
"Machines for working materials by laser and similar means","6190543","0.0012653279241792658","8456","Machinery"
"Machining centers for working metal","1253561","0.00025622400780708326","8457","Machinery"
"Lathes for removing metal","6759874","0.0013816974272100832","8458","Machinery"
"Machine tools for drilling by removing metal","1777159","0.000363245826481861","8459","Machinery"
"Machines with grinding stones for finishing metal","1703171","0.00034812290714276984","8460","Machinery"
"Other machine tools for planing and cutting metals","10184725","0.002081726424093439","8461","Machinery"
"Machine tools for molding and forging metals","19164462","0.003917157011989484","8462","Machinery"
"Other machine tools for working metal, without removal","1922020","0.00039285496875331166","8463","Machinery"
"Machine tools for working stone","617053","0.00012612373286133193","8464","Machinery"
"Machine tools for working wood","36724992","0.007506475262809762","8465","Machinery"
"Parts and accessories for metal working machines","38714032","0.007913028913161521","8466","Machinery"
"Tools for hand working, pneumatic, hydraulic motors","148756576","0.030405386008641754","8467","Machinery"
"Machinery for soldering","33545608","0.0068566189647614705","8468","Machinery"
"Word processing machines","42223","0.000008630251165789678","8469","Machinery"
"Cash registers, calculators, etc.","41868856","0.008557865222847268","8470","Machinery"
"Computers","27278964736","5.575736380986655","8471","Machinery"
"Other office machines","36602036","0.007481343435077464","8472","Machinery"
"Parts and accessories for office machines","2719937792","0.5559469080899843","8473","Machinery"
"Machinery for working minerals","42430744","0.0086727133996003","8474","Machinery"
"Machines for assembling electric lamps","8760206","0.0017905591275858591","8475","Machinery"
"Automatic goods-vending machines","37068848","0.007576758370236135","8476","Machinery"
"Machinery for working rubber or plastics","25328028","0.00517697092044984","8477","Machinery"
"Machinery for preparing tobacco","310018","0.0000633667244372921","8478","Machinery"
"Machines n.e.c.","926307392","0.1893343781751083","8479","Machinery"
"Molding boxes for metal foundry","62591424","0.01279349430273633","8480","Machinery"
"Appliances for thermostatically controlled valves","3000933376","0.6133815400772364","8481","Machinery"
"Ball or roller bearings","219968944","0.04496097471504925","8482","Machinery"
"Transmission shafts","927383936","0.18955442045327475","8483","Machinery"
"Gaskets and similar joints of metal sheeting","96311560","0.019685786253203764","8484","Machinery"
"Machinery parts, not containing electrical features, n.e.c.","194815376","0.0398196628813148","8485","Machinery"
"Electric motors and generators","3463889408","0.7080083272519365","8501","Electronics"
"Electric generating sets and rotary converters","14320527","0.002927071615860374","8502","Electronics"
"Parts for use with electric generators","571668224","0.11684722441846661","8503","Electronics"
"Electrical transformers","2680093696","0.5478028975754817","8504","Electronics"
"Electromagnets","88732936","0.01813673884749878","8505","Electronics"
"Primary cells and primary batteries","28201724","0.005764345532725736","8506","Electronics"
"Batteries","1265258880","0.2586150184531119","8507","Electronics"
"Vacuum cleaners","630245120","0.12882016156154835","8508","Electronics"
"Electromechanical domestic appliances","291086080","0.05949709829394282","8509","Electronics"
"Electric shavers and hair clippers","12059457","0.002464915871279646","8510","Electronics"
"Electrical ignition equipment","1700249728","0.3475258081426138","8511","Electronics"
"Electrical lighting equipment used for motor vehicles","2832536064","0.5789616481177867","8512","Electronics"
"Portable electric lamps","5692119","0.0011634515935760978","8513","Electronics"
"Industrial electric furnaces","24834418","0.005076078556620993","8514","Electronics"
"Electric soldering machines","166841664","0.0341019222991803","8515","Electronics"
"Electric heaters","1097826304","0.22439231556096376","8516","Electronics"
"Telephones","14934859776","3.052639343313582","8517","Electronics"
"Microphones","1758930944","0.35952006797242114","8518","Electronics"
"Sound reproducing apparatus","754266","0.00015416964748633487","8519","Electronics"
"Magnetic tape recorders","38264948","0.007821237526605912","8520","Electronics"
"Video recording apparatus","362036096","0.073999063059516","8521","Electronics"
"Parts and accessories for video or sound equipment","34694780","0.007091506182455449","8522","Electronics"
"Sound storage media","904287680","0.18483361685643473","8523","Electronics"
"Tapes, cassettes, records and compact disks","255310144","0.052184607154724456","8524","Electronics"
"Transmission apparatus for radio, telephone and TV","12151950336","2.483821224306238","8525","Electronics"
"Radar","1197334656","0.2447315162538044","8526","Electronics"
"Reception apparatus for radio broadcasting","1608873344","0.3288487566649442","8527","Electronics"
"Monitors and projectors","11150083072","2.279042640996134","8528","Electronics"
"Parts of radios, telephones, and T.V.s","489046336","0.09995956496196791","8529","Electronics"
"Electric signal and traffic controls","159772240","0.03265695380529163","8530","Electronics"
"Electric sound or visual signaling apparatus","859996032","0.17578054041026211","8531","Electronics"
"Electrical capacitors","488538080","0.09985567900084436","8532","Electronics"
"Electrical resistors","280209408","0.05727394003403916","8533","Electronics"
"Electronic printed circuits","66124872","0.013515720191973408","8534","Electronics"
"Electrical apparatus for > 1k volts","426169824","0.08710779955001734","8535","Electronics"
"Electrical apparatus for < 1k volts","3932612864","0.8038139581302959","8536","Electronics"
"Electrical boards","5528222720","1.1299516986956157","8537","Electronics"
"Parts for electrical apparatus","1317910272","0.2693768008273735","8538","Electronics"
"Electrical filament","70787832","0.014468814855451387","8539","Electronics"
"Thermionic, cold cathode or photocathode tubes","472383","0.00009655363040165848","8540","Electronics"
"Semiconductor devices","1132178048","0.2314137062414675","8541","Electronics"
"Electronic integrated circuits","5790407680","1.1835414970683633","8542","Electronics"
"Electrical machines with individual functions n.e.c.","2604754176","0.532403731710668","8543","Electronics"
"Insulated electrical wire","13776650240","2.815904881094111","8544","Electronics"
"Carbon articles for eletrical purposes","150454496","0.030752435627556036","8545","Electronics"
"Electrical insulators of any material","79003480","0.016148068004913","8546","Electronics"
"Insulating fittings for electrical machines","117123168","0.02393961483487626","8547","Electronics"
"Waste and scrap of batteries","150458896","0.030753334974005352","8548","Electronics"
"Other rail locomotives","1733163","0.000354253179576381","8602","Vehicles"
"Self-propelled railway coaches","76532960","0.01564310132537562","8603","Vehicles"
"Railway coaches, not self-propelled","13271037","0.0027125590919756517","8605","Vehicles"
"Railway cars, not self-propelled","68190336","0.013937894672562108","8606","Vehicles"
"Parts of railway locomotives","205956080","0.04209678846887886","8607","Vehicles"
"Railway track fixtures","4461990","0.0009120170144054635","8608","Vehicles"
"Containers for multimodal transportation","8245352","0.001685324555582177","8609","Vehicles"
"Tractors","9508749312","1.9435590752691614","8701","Vehicles"
"Buses","91871280","0.018778206695937993","8702","Vehicles"
"Cars","46771286016","9.559906820099625","8703","Vehicles"
"Motor vehicles for transporting goods","24321280000","4.971194729732543","8704","Vehicles"
"Special purpose motor vehicles","36346176","0.007429046439049731","8705","Vehicles"
"Vehicle chassis fitted with engines","10970350","0.002242305754603434","8706","Vehicles"
"Vehicle Bodies","166298976","0.033990998543297006","8707","Vehicles"
"Parts of motor vehicles","28548519936","5.8352295540163865","8708","Vehicles"
"Work trucks","16381903","0.0033484105218388894","8709","Vehicles"
"Tanks and other armored fighting vehicles","2616956","0.0005348977469582998","8710","Vehicles"
"Motorcycles","26018738","0.005318149917269645","8711","Vehicles"
"Bicycles","667770","0.00013649013146814232","8712","Vehicles"
"Wheelchairs","70125536","0.014333443592724962","8713","Vehicles"
"Parts of motorcycles or wheelchairs","64527920","0.013189308121307891","8714","Vehicles"
"Baby carriages","5535562","0.0011314518249248286","8715","Vehicles"
"Trailers and semi-trailers","1809309568","0.36981730356692843","8716","Vehicles"
"Gliders, hang gliders","108853","0.00002224921796531994","8801","Vehicles"
"Other aircraft and spacecraft","25548418","0.005222017957714563","8802","Vehicles"
"Parts of other aircraft","1696106752","0.3466789966073407","8803","Vehicles"
"Parachutes","3808111","0.0007783661605571963","8804","Vehicles"
"Aircraft launching gear","1198680","0.0002450065004241473","8805","Vehicles"
"Cargo ships and similar vessels","27437","0.000005608038302246912","8901","Vehicles"
"Fishing vessels","117418","0.000023999877587681888","8902","Vehicles"
"Pleasure or sport boats","655662016","0.13401529682751132","8903","Vehicles"
"Tugs and pusher craft","5477051","0.001119492356721207","8904","Vehicles"
"Special function vessels, n.e.c.","477095","0.00009751674869010792","8905","Vehicles"
"Other vessels","447490","0.00009146557786465251","8906","Vehicles"
"Other floating structures","53096180","0.010852695671647646","8907","Vehicles"
"Floating structures for scrapping","4242","8.670517359088605e-7","8908","Vehicles"
"Optical fibers","336992672","0.06888026432017097","9001","Machinery"
"Lenses and other optical elements","16018169","0.0032740644124308097","9002","Machinery"
"Frames for spectacles, goggles","1881410","0.00038455440981996443","9003","Machinery"
"Glasses","50067680","0.010233679598521768","9004","Machinery"
"Binoculars and telescopes","4391126","0.0008975326310453869","9005","Machinery"
"Photographic cameras","2466770","0.0005042001910862564","9006","Machinery"
"Cinematographic cameras and projectors","683615","0.00013972880067028185","9007","Machinery"
"Still image projectors","3943803","0.0008061011874664243","9008","Machinery"
"Electrostatic photo-copyers","32828862","0.006710118289724758","9009","Machinery"
"Apparatus and equipment for photographic laboratories, n.e.c.","63005448","0.012878119533266253","9010","Machinery"
"Optical microscopes","418350","0.00008550945160713619","9011","Machinery"
"Microscopes, other than optical","545506","0.00011149974640469091","9012","Machinery"
"Liquid crystal devices","825205504","0.16866946363148186","9013","Machinery"
"Navigational instruments","229822592","0.04697503001996082","9014","Machinery"
"Surveying instruments","76250064","0.01558527825421068","9015","Machinery"
"Balances of a sensitivity < 50 milligram","80897","0.000016535097661437785","9016","Machinery"
"Drafting tables and machines","12734704","0.002602934278520865","9017","Machinery"
"Medical instruments","9691196416","1.9808507014442545","9018","Machinery"
"Therapy applicances","667192384","0.1363720685366268","9019","Machinery"
"Other breathing appliances and gas masks","32276512","0.0065972196507975405","9020","Machinery"
"Orthopedic appliances","2312146688","0.47259566230700667","9021","Machinery"
"X-ray machines","313717344","0.06412285895801913","9022","Machinery"
"Instruments designed for demonstrational purposes","14072476","0.002876370755383257","9023","Machinery"
"Machines for testing the mechanical properties of materials","2387539","0.00048800561869403693","9024","Machinery"
"Thermometers, hydrometers etc.","240838272","0.04922660108696141","9025","Machinery"
"Instruments for measuring properties of liquids or gases","1246322816","0.2547445452889249","9026","Machinery"
"Instruments for physical or chemical analysis","552140288","0.1128557744402683","9027","Machinery"
"Gas, liquid or electricity meters","1010524032","0.20654800002904783","9028","Machinery"
"Meters","1279014272","0.26142657821541904","9029","Machinery"
"Instruments for measuring electricity","158757360","0.032449515458818454","9030","Machinery"
"Measuring instruments","614278656","0.1255566654918816","9031","Machinery"
"Automatic regulating instruments","1653784960","0.3380285526610008","9032","Machinery"
"Other parts for machines and appliances","14019286","0.002865498883192547","9033","Machinery"
"Watches with precious metal","3950827","0.0008075368714346052","9101","Machinery"
"Watches","4653795","0.0009512213657034359","9102","Machinery"
"Clocks with watch movements","9815","0.0000020061557727358476","9103","Machinery"
"Instrument panel clocks for vehicles","7479881","0.0015288646406038905","9104","Machinery"
"Other clocks","409547","0.00008371014551774306","9105","Machinery"
"Apparatus for measuring intervals of time","6190533","0.0012653258802100625","9106","Machinery"
"Time switches","44814320","0.009159908993299189","9107","Machinery"
"Watch movements, complete","246280","0.00005033887353126689","9108","Machinery"
"Clock movements, complete","9256","0.0000018918978942886403","9109","Machinery"
"Clock movements, complete, unassembled","2249","4.596886737527174e-7","9110","Machinery"
"Watch cases and parts","19298","0.000003944451767932388","9111","Machinery"
"Clock cases","129230","0.000026414214010255076","9112","Machinery"
"Watch straps","99426","0.000020322368197660152","9113","Machinery"
"Other clock or watch parts","5133859","0.001049344968849912","9114","Machinery"
"Pianos","25959","0.000005305939654044816","9201","Machinery"
"Musical instruments, string","61684124","0.01260804497694894","9202","Machinery"
"Musical instruments, wind","38692","0.000007908525640213491","9205","Machinery"
"Musical instruments, percussion","216216","0.00004419388451939419","9206","Machinery"
"Musical instruments, electric","40082376","0.008192714212671297","9207","Machinery"
"Other musical instruments, n.e.c.","235238","0.00004808192273732403","9208","Machinery"
"Parts of musical instruments","11195375","0.002288300171593743","9209","Machinery"
"Revolvers and pistols","64150","0.000013112062437188448","9302","Machinery"
"Other firearms","82368","0.000016835765531197787","9303","Machinery"
"Other arms (air guns, truncheons, etc.)","3187123","0.0006514381258144873","9304","Machinery"
"Parts of military weapons","29381512","0.006005490566531592","9305","Machinery"
"Munitions of war","23998568","0.004905233390788974","9306","Machinery"
"Swords","183673","0.00003754219554209998","9307","Machinery"
"Seats","7708729856","1.5756406419842668","9401","Textiles"
"Medical, dental or veterinary furniture","196318032","0.040126801139983785","9402","Textiles"
"Other furniture and parts","1315304704","0.2688442307525436","9403","Textiles"
"Mattresses and bedding","304585856","0.06225641093307077","9404","Textiles"
"Lamps","2407317760","0.49204833632537237","9405","Textiles"
"Prefabricated buildings","30106278","0.006153630504869103","9406","Textiles"
"Toys","811513408","0.165870841376642","9503","Machinery"
"Games","368254720","0.07527013065361418","9504","Machinery"
"Christmas and other festivity articles","40063848","0.008188927146531997","9505","Machinery"
"Sports equipment","241297456","0.049320456882412045","9506","Machinery"
"Fishing and hunting equipment","11946281","0.0024417830454278727","9507","Machinery"
"Fairground amusements","5685497","0.001162098077169877","9508","Machinery"
"Worked animal carving material","5977961","0.0012218768180682384","9601","Machinery"
"Worked vegetable or mineral carving material","55541248","0.011352460040769572","9602","Machinery"
"Brooms and mops","161914656","0.03309485703769118","9603","Machinery"
"Hand sieves and riddles","190944","0.00003902836554959487","9604","Machinery"
"Travel sets","108468","0.00002217052515100478","9605","Machinery"
"Buttons","6051673","0.001236943323857327","9606","Machinery"
"Slide fasteners","2792128","0.000570702364280937","9607","Machinery"
"Pens","172481536","0.03525469476686153","9608","Machinery"
"Pencils, crayons, pastels, etc.","42455036","0.008677678609588204","9609","Machinery"
"Slates and boards, with writing or drawing surfaces","738163","0.00015087824387875816","9610","Machinery"
"Hand-operated stamps","223309","0.00004564367187507584","9611","Machinery"
"Typewriter ribbons and ink pads","6565006","0.0013418670081452343","9612","Machinery"
"Cigarette lighters","23970460","0.004899488202153207","9613","Machinery"
"Smoking pipes","96307","0.0000196848542032472","9614","Machinery"
"Combs, hair-slides etc.","1572939","0.00032150388741837506","9615","Machinery"
"Scent sprays","9403290","0.0019220035166794974","9616","Machinery"
"Vacuum vessels","547259","0.00011185805420597525","9617","Machinery"
"Mannequins","21294078","0.004352443963809211","9618","Machinery"
"Paintings and drawings","97482600","0.01992514322275084","9701","Textiles"
"Original engravings","1458526","0.000298118222576192","9702","Textiles"
"Sculptures","19250546","0.003934752316476513","9703","Textiles"
"Postage or revenue stamps","1477","3.0189425128179794e-7","9704","Textiles"
"Collectors pieces","4265339","0.0008718221556317216","9705","Textiles"
"Antiques >100 years","5364322","0.0010964508962928077","9706","Textiles"
"Commodities not specified according to kind","16694282240","3.4122598764602685","9999","Other"
"Travel and tourism","22608295936","4.621066062529476","travel","Services"
"Transport","2194252288","0.4484984100264943","transport","Services"
"ICT","210861728","0.043099487812150394","ict","Services"
"Insurance and finance","3749822464","0.766452163310052","financial","Services"